{
  "study": "hpo_multi_32_AAPL_filtered_20251002-231528",
  "n_trials": 20,
  "best_mean_RMSE": 3.7544082045555114,
  "best_RMSE_std": 3.589747625811523,
  "best_mean_RMSE_train": 0.7436503767967224,
  "best_params": {
    "lr": 0.0008808446065724086,
    "seq_len": 29,
    "hidden_size": 104,
    "dropout": 0.12847326580114318
  },
  "best_number": 14,
  "model_type": "multi",
  "avg_best_epoch": 37.4,
  "validation_mse": {
    "mean": 26.98186763525009,
    "std": 44.70033689768294
  },
  "validation_mae": {
    "mean": 3.0399919390678405,
    "std": 3.1344223375570825
  },
  "dataset": {
    "path": "/Users/jpdupreez/Downloads/CompSci/4.MachineLearning/Assignment_3/data/AAPL_filtered.csv",
    "value_column": "adj_close",
    "date_column": "date",
    "horizon": 1
  }
}